customer_id,name,phone,email,region,created_at
POSC00000001,Muhammad Syafiq bin Hafiz,+60122880133,muhammad865@outlook.com,Kuala Lumpur,2023-09-04 19:44:51
POSC00000002,Ahmad Fikri bin Haziq,+60122075011,ahmad192@gmail.com,Penang,2023-10-24 09:06:27
POSC00000003,Chan Hui Min,+60187665061,chan666@gmail.com,Sarawak,2025-03-02 00:48:43
POSC00000004,Goh Wei Ming,+60125814491,goh793@hotmail.com,Johor,2025-01-01 10:18:44
POSC00000005,Tan Zhi Hao,+60138326842,tan703@hotmail.com,Sarawak,2023-10-14 23:11:13
POSC00000006,Tan Yue Ying,+60131009968,tan322@gmail.com,Selangor,2024-02-24 01:29:05
POSC00000007,Divya A/P Kumar,+60132394312,divya881@gmail.com,Sabah,2023-10-21 14:08:01
POSC00000008,Lim Jia Hui,+60123975523,lim301@gmail.com,Sabah,2025-08-02 11:57:10
POSC00000009,Che Nadia binti Azman,+60169299556,che14@yahoo.com,Penang,2023-09-23 15:16:49
POSC00000010,Che Liyana binti Zulhilmi,+60172577754,che574@outlook.com,Kuala Lumpur,2025-06-27 22:27:57
POSC00000011,Syed Amir bin Zulhilmi,+60138341108,syed842@gmail.com,Sabah,2024-05-12 21:20:02
POSC00000012,Chan Yue Ying,+60192563942,chan523@outlook.com,Sabah,2023-10-24 06:34:38
POSC00000013,Ain Fatin binti Farid,+60138272299,ain763@yahoo.com,Sarawak,2024-10-02 14:15:55
POSC00000014,Wong Yu Xuan,+60193145303,wong407@hotmail.com,Johor,2024-03-02 02:25:42
POSC00000015,Anita A/P Ajay,+60171844989,anita395@yahoo.com,Sarawak,2024-04-02 12:53:34
POSC00000016,Lim Yue Ying,+60166386557,lim918@outlook.com,Sabah,2025-01-30 20:21:00
POSC00000017,Mohammed Aiman bin Farid,+60128432225,mohammed686@gmail.com,Selangor,2024-09-10 06:28:57
POSC00000018,Teo Zhi Hao,+60193926030,teo597@yahoo.com,Sabah,2024-02-12 15:21:50
POSC00000019,Md Rizal bin Amin,+60130242869,md909@gmail.com,Sarawak,2024-10-22 01:44:58
POSC00000020,Lakshmi A/P Raj,+60199772369,lakshmi823@yahoo.com,Sabah,2023-12-11 00:10:19
POSC00000021,Ajay A/L Prakash,+60162579913,ajay404@outlook.com,Selangor,2025-03-14 01:58:10
POSC00000022,Siti Fatin binti Haziq,+60139127990,siti105@gmail.com,Johor,2025-08-25 20:56:59
POSC00000023,Low Hao Ran,+60116865086,low970@yahoo.com,Johor,2025-07-15 14:30:47
POSC00000024,Ramesh A/L Anil,+60126247314,ramesh273@outlook.com,Selangor,2024-11-15 18:42:55
POSC00000025,Md Amin bin Syafiq,+60128063565,md168@gmail.com,Johor,2024-11-19 19:03:51
POSC00000026,Ho Yue Ying,+60189594636,ho193@outlook.com,Penang,2024-08-31 08:55:37
POSC00000027,Chong Yu Xuan,+60182137213,chong814@outlook.com,Penang,2024-03-05 23:29:50
POSC00000028,Nisha A/P Deepak,+60112601279,nisha100@outlook.com,Kuala Lumpur,2025-04-30 16:04:00
POSC00000029,Che Aina binti Amin,+60169027703,che209@hotmail.com,Kuala Lumpur,2024-08-31 14:33:18
POSC00000030,Asha A/P Kumar,+60115302146,asha695@hotmail.com,Johor,2025-05-18 10:32:08
POSC00000031,Tan Jing Yi,+60121848955,tan241@hotmail.com,Sabah,2024-07-11 09:50:53
POSC00000032,Mani A/L Ramesh,+60114268181,mani358@hotmail.com,Kuala Lumpur,2024-01-25 03:11:55
POSC00000033,Rekha A/P Ramesh,+60167697357,rekha928@outlook.com,Sabah,2023-11-11 12:03:39
POSC00000034,Vijay A/L Ravi,+60183356588,vijay727@gmail.com,Penang,2023-11-13 12:37:18
POSC00000035,Wan Nurul binti Syafiq,+60137553942,wan520@yahoo.com,Sarawak,2025-01-23 02:01:45
POSC00000036,Syed Amir bin Farid,+60143395211,syed702@gmail.com,Sarawak,2024-07-30 01:04:37
POSC00000037,Tan Hao Ran,+60195957947,tan792@yahoo.com,Sabah,2024-05-31 10:17:09
POSC00000038,Siti Siti binti Ahmad,+60187808562,siti133@outlook.com,Sarawak,2024-07-24 05:46:42
POSC00000039,Tan Wei Ming,+60146915594,tan571@yahoo.com,Penang,2024-07-14 13:12:08
POSC00000040,Siti Hani binti Azman,+60137636556,siti471@hotmail.com,Selangor,2024-08-26 23:40:16
POSC00000041,Low Hui Min,+60183227026,low147@outlook.com,Sarawak,2025-07-01 04:47:04
POSC00000042,Lau Zhi Hao,+60164890612,lau230@gmail.com,Penang,2025-03-18 12:39:34
POSC00000043,Chong Jia Hui,+60175884506,chong369@gmail.com,Sarawak,2023-10-11 07:31:28
POSC00000044,Ramesh A/L Ajay,+60134558771,ramesh638@outlook.com,Penang,2025-02-03 06:07:31
POSC00000045,Cheah Qian Yi,+60189961125,cheah331@yahoo.com,Penang,2025-01-18 18:59:37
POSC00000046,Goh Fang Ying,+60184759876,goh198@yahoo.com,Kuala Lumpur,2025-01-13 03:21:51
POSC00000047,Wan Huda binti Hakim,+60123261117,wan36@gmail.com,Johor,2023-11-14 16:20:33
POSC00000048,Goh Li Jun,+60126433472,goh549@yahoo.com,Selangor,2023-10-16 07:36:09
POSC00000049,Syed Rizal bin Azman,+60197848728,syed615@yahoo.com,Sabah,2024-07-07 23:06:18
POSC00000050,Ng Yue Ying,+60165783174,ng432@hotmail.com,Penang,2025-03-17 20:35:08
POSC00000051,Siti Lina binti Fikri,+60135478077,siti19@hotmail.com,Johor,2024-05-19 18:45:34
POSC00000052,Divya A/P Suresh,+60146866326,divya235@outlook.com,Penang,2025-05-13 01:49:35
POSC00000053,Abdul Fikri bin Fikri,+60164846312,abdul306@yahoo.com,Kuala Lumpur,2025-06-29 12:26:27
POSC00000054,Chan Jing Yi,+60193502080,chan114@yahoo.com,Penang,2023-11-23 02:37:22
POSC00000055,Ahmad Ahmad bin Farid,+60122073564,ahmad390@outlook.com,Johor,2024-03-10 08:59:26
POSC00000056,Ravi A/L Sanjay,+60130461872,ravi927@yahoo.com,Penang,2024-01-26 01:11:54
POSC00000057,Meena A/P Anil,+60193037183,meena408@outlook.com,Sarawak,2024-01-24 23:27:05
POSC00000058,Priya A/P Ajay,+60118814743,priya918@hotmail.com,Kuala Lumpur,2024-10-19 18:47:29
POSC00000059,Ravi A/L Raj,+60185024916,ravi19@yahoo.com,Kuala Lumpur,2024-08-12 16:27:47
POSC00000060,Lee Qian Yi,+60123271950,lee374@gmail.com,Sarawak,2023-12-17 02:53:16
POSC00000061,Md Aiman bin Fazli,+60145857306,md751@hotmail.com,Selangor,2024-07-22 22:08:39
POSC00000062,Che Amira binti Amir,+60193928557,che898@hotmail.com,Sabah,2024-01-19 18:09:55
POSC00000063,Lakshmi A/P Prakash,+60137448570,lakshmi761@outlook.com,Selangor,2024-04-02 14:09:30
POSC00000064,Radha A/P Anil,+60145186387,radha637@yahoo.com,Penang,2024-08-23 13:42:46
POSC00000065,Md Hafiz bin Syafiq,+60120220317,md111@yahoo.com,Kuala Lumpur,2024-03-11 06:25:48
POSC00000066,Low Chen Wei,+60160539103,low960@outlook.com,Kuala Lumpur,2025-07-09 11:18:00
POSC00000067,Chong Yue Ying,+60185094801,chong89@hotmail.com,Selangor,2025-08-16 08:37:07
POSC00000068,Deepak A/L Raj,+60183383928,deepak774@outlook.com,Kuala Lumpur,2023-10-27 18:58:36
POSC00000069,Meena A/P Ravi,+60132868528,meena965@outlook.com,Penang,2024-08-08 10:15:22
POSC00000070,Radha A/P Sanjay,+60176659398,radha394@yahoo.com,Sabah,2025-05-18 20:19:36
POSC00000071,Hari A/L Hari,+60180049082,hari16@hotmail.com,Penang,2025-06-29 06:24:41
POSC00000072,Suresh A/L Arun,+60168889921,suresh481@gmail.com,Penang,2025-06-25 02:04:47
POSC00000073,Siti Farah binti Farid,+60164196931,siti821@hotmail.com,Johor,2024-10-30 16:30:28
POSC00000074,Ahmad Hakim bin Amin,+60129409610,ahmad366@hotmail.com,Johor,2023-11-14 06:51:05
POSC00000075,Ho Yu Xuan,+60149060480,ho562@hotmail.com,Sabah,2023-10-08 12:44:07
POSC00000076,Mohd Aiman bin Ahmad,+60187998136,mohd815@hotmail.com,Johor,2025-01-17 18:33:44
POSC00000077,Che Izzati binti Hakim,+60118641686,che790@yahoo.com,Selangor,2024-10-23 02:59:24
POSC00000078,Lim Xiu Lin,+60186553559,lim798@gmail.com,Penang,2025-06-09 14:23:03
POSC00000079,Che Izzati binti Aiman,+60190335211,che258@gmail.com,Sabah,2023-09-10 16:48:24
POSC00000080,Sita A/P Arun,+60171477053,sita218@yahoo.com,Sabah,2023-11-10 16:14:40
POSC00000081,Khoo Li Jun,+60116980420,khoo215@hotmail.com,Sarawak,2025-08-18 18:25:57
POSC00000082,Teo Wei Ming,+60126451046,teo399@yahoo.com,Sabah,2025-04-06 13:10:46
POSC00000083,Suresh A/L Hari,+60122387800,suresh954@yahoo.com,Sabah,2025-06-19 10:32:08
POSC00000084,Nur Aisyah binti Azman,+60175438404,nur921@outlook.com,Kuala Lumpur,2024-02-29 20:08:01
POSC00000085,Kavita A/P Kumar,+60176216893,kavita256@outlook.com,Sabah,2024-01-06 09:57:51
POSC00000086,Abdul Azman bin Fazli,+60133298324,abdul450@yahoo.com,Selangor,2024-07-10 21:48:27
POSC00000087,Lim Li Jun,+60172056647,lim165@hotmail.com,Selangor,2024-09-10 10:42:26
POSC00000088,Siti Izzati binti Amir,+60149330517,siti524@yahoo.com,Sabah,2024-09-07 02:52:18
POSC00000089,Ng Zhi Hao,+60192233060,ng983@hotmail.com,Johor,2024-02-12 06:14:20
POSC00000090,Md Aiman bin Rizal,+60199757366,md632@gmail.com,Sarawak,2025-07-01 19:57:07
POSC00000091,Meena A/P Ramesh,+60118177038,meena762@outlook.com,Kuala Lumpur,2024-07-06 17:38:00
POSC00000092,Wong Jia Hui,+60196447264,wong716@gmail.com,Sabah,2025-07-31 04:27:17
POSC00000093,Ravi A/L Deepak,+60122982665,ravi35@outlook.com,Selangor,2023-10-14 18:44:37
POSC00000094,Cheah Zhi Hao,+60124521117,cheah97@hotmail.com,Sabah,2024-01-05 02:45:32
POSC00000095,Divya A/P Ramesh,+60136860259,divya176@yahoo.com,Selangor,2024-06-19 14:16:17
POSC00000096,Mohammed Amir bin Amir,+60194212309,mohammed22@hotmail.com,Johor,2023-08-31 21:52:46
POSC00000097,Lau Wei Ming,+60193397767,lau625@gmail.com,Sabah,2024-06-28 11:41:22
POSC00000098,Muhammad Amin bin Irfan,+60140220502,muhammad693@gmail.com,Sabah,2024-03-23 05:26:37
POSC00000099,Ravi A/L Arun,+60126224999,ravi999@yahoo.com,Johor,2025-08-18 21:14:57
POSC00000100,Arun A/L Ravi,+60165561681,arun492@hotmail.com,Selangor,2025-04-30 05:50:09
